{"Mean":{"confidence_interval":{"confidence_level":0.95,"lower_bound":14.595905566320626,"upper_bound":14.685774438549721},"point_estimate":14.639205908659674,"standard_error":0.02294748964627753},"Median":{"confidence_interval":{"confidence_level":0.95,"lower_bound":14.540350848923799,"upper_bound":14.63178768601204},"point_estimate":14.589882441557855,"standard_error":0.026524712817246995},"MedianAbsDev":{"confidence_interval":{"confidence_level":0.95,"lower_bound":0.12807444610953,"upper_bound":0.22270896170280335},"point_estimate":0.17326141371885248,"standard_error":0.02335064358462011},"Slope":{"confidence_interval":{"confidence_level":0.95,"lower_bound":14.567953339548659,"upper_bound":14.652880434200611},"point_estimate":14.607720303049332,"standard_error":0.02175778691628238},"StdDev":{"confidence_interval":{"confidence_level":0.95,"lower_bound":0.182647592559445,"upper_bound":0.2744948778454419},"point_estimate":0.2304990841512689,"standard_error":0.02348684313502983}}