{"Mean":{"confidence_interval":{"confidence_level":0.95,"lower_bound":8.05013357953929,"upper_bound":8.101307575761563},"point_estimate":8.074483186524715,"standard_error":0.013074943870111414},"Median":{"confidence_interval":{"confidence_level":0.95,"lower_bound":8.018781482070226,"upper_bound":8.052741664662339},"point_estimate":8.033785214064729,"standard_error":0.0073819758190254115},"MedianAbsDev":{"confidence_interval":{"confidence_level":0.95,"lower_bound":0.04508765387143541,"upper_bound":0.08187279300839591},"point_estimate":0.0651369144858633,"standard_error":0.009066648455764418},"Slope":{"confidence_interval":{"confidence_level":0.95,"lower_bound":8.046820530171889,"upper_bound":8.101142400120542},"point_estimate":8.07289380451539,"standard_error":0.013891020930779537},"StdDev":{"confidence_interval":{"confidence_level":0.95,"lower_bound":0.0939822369555254,"upper_bound":0.16362516661817486},"point_estimate":0.13145980923194672,"standard_error":0.01782198227697883}}