{"Mean":{"confidence_interval":{"confidence_level":0.95,"lower_bound":104.03932302425628,"upper_bound":105.15186534340835},"point_estimate":104.56858284033042,"standard_error":0.28435262159178526},"Median":{"confidence_interval":{"confidence_level":0.95,"lower_bound":103.03527876888336,"upper_bound":105.27128703602177},"point_estimate":104.52510471147787,"standard_error":0.7261705833560904},"MedianAbsDev":{"confidence_interval":{"confidence_level":0.95,"lower_bound":1.3177286641449226,"upper_bound":3.4723427477728293},"point_estimate":2.4314777088554376,"standard_error":0.5323448039918884},"Slope":{"confidence_interval":{"confidence_level":0.95,"lower_bound":104.50580597737718,"upper_bound":105.95411101221858},"point_estimate":105.19407496786819,"standard_error":0.36965910540846786},"StdDev":{"confidence_interval":{"confidence_level":0.95,"lower_bound":2.0421206751125687,"upper_bound":3.606411291262717},"point_estimate":2.8685761009197064,"standard_error":0.39998990469211404}}