{"Mean":{"confidence_interval":{"confidence_level":0.95,"lower_bound":25.11041799298928,"upper_bound":25.279147799216066},"point_estimate":25.188391777753523,"standard_error":0.04319143010321505},"Median":{"confidence_interval":{"confidence_level":0.95,"lower_bound":25.0016517088828,"upper_bound":25.040457561511136},"point_estimate":25.017406248768395,"standard_error":0.011493416814163498},"MedianAbsDev":{"confidence_interval":{"confidence_level":0.95,"lower_bound":0.07641940301344022,"upper_bound":0.17898775397800734},"point_estimate":0.12214921302117906,"standard_error":0.025689652208727702},"Slope":{"confidence_interval":{"confidence_level":0.95,"lower_bound":25.107854804607232,"upper_bound":25.3014928142626},"point_estimate":25.19406318327403,"standard_error":0.04977011557829455},"StdDev":{"confidence_interval":{"confidence_level":0.95,"lower_bound":0.27120556904732357,"upper_bound":0.5739861093034413},"point_estimate":0.43362924973769235,"standard_error":0.07744216678878986}}