{"Mean":{"confidence_interval":{"confidence_level":0.95,"lower_bound":2.545639569952802,"upper_bound":2.5653185142222834},"point_estimate":2.555390761137774,"standard_error":0.005024551929893355},"Median":{"confidence_interval":{"confidence_level":0.95,"lower_bound":2.5134007425437157,"upper_bound":2.583643713996251},"point_estimate":2.557169977821019,"standard_error":0.021977291293640223},"MedianAbsDev":{"confidence_interval":{"confidence_level":0.95,"lower_bound":0.02147088683092051,"upper_bound":0.09891062386869327},"point_estimate":0.06553878703856296,"standard_error":0.02025415941343246},"Slope":{"confidence_interval":{"confidence_level":0.95,"lower_bound":2.527268971725663,"upper_bound":2.5533210336773826},"point_estimate":2.539848970496464,"standard_error":0.006656307333850121},"StdDev":{"confidence_interval":{"confidence_level":0.95,"lower_bound":0.043964537566166154,"upper_bound":0.056341713410029824},"point_estimate":0.05049271057278789,"standard_error":0.0031553401783151226}}