{"Mean":{"confidence_interval":{"confidence_level":0.95,"lower_bound":46.798038881150795,"upper_bound":47.04398337589285},"point_estimate":46.915101118869416,"standard_error":0.06290486630611075},"Median":{"confidence_interval":{"confidence_level":0.95,"lower_bound":46.59900369502688,"upper_bound":46.77198650639046},"point_estimate":46.661484261854866,"standard_error":0.0412762733592276},"MedianAbsDev":{"confidence_interval":{"confidence_level":0.95,"lower_bound":0.23316303413994188,"upper_bound":0.516061552587612},"point_estimate":0.3500693400060697,"standard_error":0.06776440811508146},"Slope":{"confidence_interval":{"confidence_level":0.95,"lower_bound":46.808218806889954,"upper_bound":47.12789460038018},"point_estimate":46.95805350925314,"standard_error":0.08194601051145373},"StdDev":{"confidence_interval":{"confidence_level":0.95,"lower_bound":0.4698156943598738,"upper_bound":0.7798590283356525},"point_estimate":0.6309934973640835,"standard_error":0.07973442184178398}}