{"Mean":{"confidence_interval":{"confidence_level":0.95,"lower_bound":88.88952677127895,"upper_bound":89.44865020798753},"point_estimate":89.14823164990433,"standard_error":0.14372929137970405},"Median":{"confidence_interval":{"confidence_level":0.95,"lower_bound":88.46837562797887,"upper_bound":88.82298241659153},"point_estimate":88.66866302731947,"standard_error":0.09129030884751603},"MedianAbsDev":{"confidence_interval":{"confidence_level":0.95,"lower_bound":0.3916855010402304,"upper_bound":0.7508469597823437},"point_estimate":0.5802308600236064,"standard_error":0.09646764330080612},"Slope":{"confidence_interval":{"confidence_level":0.95,"lower_bound":88.86996758064684,"upper_bound":89.53665600984792},"point_estimate":89.1657105379192,"standard_error":0.17138274406704077},"StdDev":{"confidence_interval":{"confidence_level":0.95,"lower_bound":0.8972466633490461,"upper_bound":1.9167608986442315},"point_estimate":1.4431555377300154,"standard_error":0.26183752477244826}}