{"Mean":{"confidence_interval":{"confidence_level":0.95,"lower_bound":5.8241705509397566,"upper_bound":5.885222603341961},"point_estimate":5.854561914163185,"standard_error":0.015529668655339581},"Median":{"confidence_interval":{"confidence_level":0.95,"lower_bound":5.808412049621591,"upper_bound":5.892807619979454},"point_estimate":5.835309498105806,"standard_error":0.02333790403409998},"MedianAbsDev":{"confidence_interval":{"confidence_level":0.95,"lower_bound":0.12918447122250168,"upper_bound":0.21760280708312912},"point_estimate":0.195713881620267,"standard_error":0.022537149029028595},"Slope":{"confidence_interval":{"confidence_level":0.95,"lower_bound":5.864089619411062,"upper_bound":5.9511710364383665},"point_estimate":5.908043417335123,"standard_error":0.0222891970961947},"StdDev":{"confidence_interval":{"confidence_level":0.95,"lower_bound":0.13590560515584602,"upper_bound":0.1743671216829747},"point_estimate":0.1559579263644379,"standard_error":0.009848626037678708}}