{"Mean":{"confidence_interval":{"confidence_level":0.95,"lower_bound":5.4365822013166385,"upper_bound":5.468898124701405},"point_estimate":5.452984424768489,"standard_error":0.00823696924465687},"Median":{"confidence_interval":{"confidence_level":0.95,"lower_bound":5.438418613490202,"upper_bound":5.464553022817359},"point_estimate":5.4495874496327135,"standard_error":0.006034708976318829},"MedianAbsDev":{"confidence_interval":{"confidence_level":0.95,"lower_bound":0.04408792455993651,"upper_bound":0.09033777616849575},"point_estimate":0.058681376950276164,"standard_error":0.012259316583346168},"Slope":{"confidence_interval":{"confidence_level":0.95,"lower_bound":5.445624356497908,"upper_bound":5.474698485441369},"point_estimate":5.459648018830596,"standard_error":0.007413403183011312},"StdDev":{"confidence_interval":{"confidence_level":0.95,"lower_bound":0.06709489658949895,"upper_bound":0.09821806625496222},"point_estimate":0.08281642459943923,"standard_error":0.007984309713288269}}