{"Mean":{"confidence_interval":{"confidence_level":0.95,"lower_bound":5.455820236604148,"upper_bound":5.555755107093502},"point_estimate":5.499437505604845,"standard_error":0.0256558218283346},"Median":{"confidence_interval":{"confidence_level":0.95,"lower_bound":5.429341059548165,"upper_bound":5.488660733473511},"point_estimate":5.45512343064798,"standard_error":0.014109563517547651},"MedianAbsDev":{"confidence_interval":{"confidence_level":0.95,"lower_bound":0.07679184818066186,"upper_bound":0.12357889257963198},"point_estimate":0.09578299852208337,"standard_error":0.011682242987103122},"Slope":{"confidence_interval":{"confidence_level":0.95,"lower_bound":5.468862963498146,"upper_bound":5.613222478858039},"point_estimate":5.529050516319023,"standard_error":0.03753972581547884},"StdDev":{"confidence_interval":{"confidence_level":0.95,"lower_bound":0.12356944770615175,"upper_bound":0.38964723522000644},"point_estimate":0.25829518944033875,"standard_error":0.07634087823500098}}