{"Mean":{"confidence_interval":{"confidence_level":0.95,"lower_bound":5.86028461714888,"upper_bound":5.907448939201182},"point_estimate":5.883877679390942,"standard_error":0.012033665334032294},"Median":{"confidence_interval":{"confidence_level":0.95,"lower_bound":5.849794459150137,"upper_bound":5.899678240407242},"point_estimate":5.86633434183355,"standard_error":0.01198574082512884},"MedianAbsDev":{"confidence_interval":{"confidence_level":0.95,"lower_bound":0.07501964564940204,"upper_bound":0.14619757781313278},"point_estimate":0.09445910025239344,"standard_error":0.020089708682556353},"Slope":{"confidence_interval":{"confidence_level":0.95,"lower_bound":5.831905920446067,"upper_bound":5.8940568701154765},"point_estimate":5.862478576263142,"standard_error":0.01581879842096138},"StdDev":{"confidence_interval":{"confidence_level":0.95,"lower_bound":0.10170485462707768,"upper_bound":0.1391142987808154},"point_estimate":0.12105811362623009,"standard_error":0.009579327090043183}}