{"Mean":{"confidence_interval":{"confidence_level":0.95,"lower_bound":4.616015333309913,"upper_bound":4.652765545912256},"point_estimate":4.634392976829974,"standard_error":0.009339776189605983},"Median":{"confidence_interval":{"confidence_level":0.95,"lower_bound":4.612385559813298,"upper_bound":4.637696104340067},"point_estimate":4.615508480946914,"standard_error":0.007407112616430639},"MedianAbsDev":{"confidence_interval":{"confidence_level":0.95,"lower_bound":0.058581844572234254,"upper_bound":0.175877712567689},"point_estimate":0.12651375101506576,"standard_error":0.02952704218851461},"Slope":{"confidence_interval":{"confidence_level":0.95,"lower_bound":4.609881372299967,"upper_bound":4.648436926562748},"point_estimate":4.628920980083894,"standard_error":0.009850920247754896},"StdDev":{"confidence_interval":{"confidence_level":0.95,"lower_bound":0.08269542679326967,"upper_bound":0.10451925869308135},"point_estimate":0.09407681061504591,"standard_error":0.005554706417507009}}