{"Mean":{"confidence_interval":{"confidence_level":0.95,"lower_bound":6.079163590301865,"upper_bound":6.117802168904402},"point_estimate":6.096724558275217,"standard_error":0.009814414686556888},"Median":{"confidence_interval":{"confidence_level":0.95,"lower_bound":6.05357756423577,"upper_bound":6.077870212044308},"point_estimate":6.0650257775279535,"standard_error":0.005715014200410863},"MedianAbsDev":{"confidence_interval":{"confidence_level":0.95,"lower_bound":0.030689150955103144,"upper_bound":0.05689987387313546},"point_estimate":0.042711280695749115,"standard_error":0.006542258041759228},"Slope":{"confidence_interval":{"confidence_level":0.95,"lower_bound":6.076831658506368,"upper_bound":6.115250496735146},"point_estimate":6.094055281275735,"standard_error":0.009828366618890158},"StdDev":{"confidence_interval":{"confidence_level":0.95,"lower_bound":0.05995744594474216,"upper_bound":0.13779176488174466},"point_estimate":0.09843305641368734,"standard_error":0.020962223403282982}}