{"Mean":{"confidence_interval":{"confidence_level":0.95,"lower_bound":7.940892227271341,"upper_bound":7.975009661053167},"point_estimate":7.957367330966788,"standard_error":0.008739878887594706},"Median":{"confidence_interval":{"confidence_level":0.95,"lower_bound":7.920981434894674,"upper_bound":7.945369238030874},"point_estimate":7.936787514264343,"standard_error":0.006793565165015352},"MedianAbsDev":{"confidence_interval":{"confidence_level":0.95,"lower_bound":0.03828332057327904,"upper_bound":0.07369769347965988},"point_estimate":0.05498930706589415,"standard_error":0.009421870482515816},"Slope":{"confidence_interval":{"confidence_level":0.95,"lower_bound":7.9365982620816276,"upper_bound":7.988372374574244},"point_estimate":7.961460285313441,"standard_error":0.01326699141311422},"StdDev":{"confidence_interval":{"confidence_level":0.95,"lower_bound":0.06899954732055763,"upper_bound":0.10458999400176142},"point_estimate":0.08780996043977327,"standard_error":0.009103612248844636}}