{"Mean":{"confidence_interval":{"confidence_level":0.95,"lower_bound":5.417919167553348,"upper_bound":5.4504545623313145},"point_estimate":5.434100479571754,"standard_error":0.0083218180578189},"Median":{"confidence_interval":{"confidence_level":0.95,"lower_bound":5.422172553257684,"upper_bound":5.4495564041022675},"point_estimate":5.434933959683841,"standard_error":0.005822514667971201},"MedianAbsDev":{"confidence_interval":{"confidence_level":0.95,"lower_bound":0.04584448592577531,"upper_bound":0.08858009009750756},"point_estimate":0.07115887574504143,"standard_error":0.011103000992574965},"Slope":{"confidence_interval":{"confidence_level":0.95,"lower_bound":5.43274500071552,"upper_bound":5.471500749830985},"point_estimate":5.451773508505414,"standard_error":0.009895951605386592},"StdDev":{"confidence_interval":{"confidence_level":0.95,"lower_bound":0.06873222830471001,"upper_bound":0.09718406924532395},"point_estimate":0.0833090899579601,"standard_error":0.0072777363398346265}}