{"Mean":{"confidence_interval":{"confidence_level":0.95,"lower_bound":2.2794785390531067,"upper_bound":2.2902548247099523},"point_estimate":2.284605629880913,"standard_error":0.0027412832698476605},"Median":{"confidence_interval":{"confidence_level":0.95,"lower_bound":2.269025837674606,"upper_bound":2.280659588858538},"point_estimate":2.275283963265304,"standard_error":0.003174577227126816},"MedianAbsDev":{"confidence_interval":{"confidence_level":0.95,"lower_bound":0.009931627584739785,"upper_bound":0.023110506821423064},"point_estimate":0.01651737322487435,"standard_error":0.003439604041950707},"Slope":{"confidence_interval":{"confidence_level":0.95,"lower_bound":2.277490445365412,"upper_bound":2.2958861099502093},"point_estimate":2.2853029897382133,"standard_error":0.004780486687888916},"StdDev":{"confidence_interval":{"confidence_level":0.95,"lower_bound":0.020335348581838837,"upper_bound":0.03498115676665419},"point_estimate":0.027540945896596072,"standard_error":0.003823468509761296}}