{"Mean":{"confidence_interval":{"confidence_level":0.95,"lower_bound":26.671115107832662,"upper_bound":26.80419409231451},"point_estimate":26.735229302939242,"standard_error":0.03391226076450847},"Median":{"confidence_interval":{"confidence_level":0.95,"lower_bound":26.638046993503334,"upper_bound":26.700961490928865},"point_estimate":26.66382579718632,"standard_error":0.018048298960346675},"MedianAbsDev":{"confidence_interval":{"confidence_level":0.95,"lower_bound":0.13204538570762792,"upper_bound":0.24405103567285938},"point_estimate":0.17827356174340867,"standard_error":0.02837679719281345},"Slope":{"confidence_interval":{"confidence_level":0.95,"lower_bound":26.66738343071912,"upper_bound":26.7959354625231},"point_estimate":26.72971201846147,"standard_error":0.03278208385482877},"StdDev":{"confidence_interval":{"confidence_level":0.95,"lower_bound":0.25812103138284276,"upper_bound":0.4152559065075815},"point_estimate":0.34155712657936843,"standard_error":0.040324988682448236}}