{"Mean":{"confidence_interval":{"confidence_level":0.95,"lower_bound":2.4299184420677395,"upper_bound":2.457631457747311},"point_estimate":2.442429531293075,"standard_error":0.007105552301741014},"Median":{"confidence_interval":{"confidence_level":0.95,"lower_bound":2.4177670448057116,"upper_bound":2.423414162673568},"point_estimate":2.4196287883438723,"standard_error":0.0015108126392252362},"MedianAbsDev":{"confidence_interval":{"confidence_level":0.95,"lower_bound":0.006872633517324356,"upper_bound":0.04640097699534957},"point_estimate":0.010949767125493528,"standard_error":0.009362423216315677},"Slope":{"confidence_interval":{"confidence_level":0.95,"lower_bound":2.418118985599331,"upper_bound":2.4438047382730246},"point_estimate":2.430291574669109,"standard_error":0.006561783272248812},"StdDev":{"confidence_interval":{"confidence_level":0.95,"lower_bound":0.04048392743821342,"upper_bound":0.10380337692877467},"point_estimate":0.07158864702049081,"standard_error":0.01789197045862816}}