{"Mean":{"confidence_interval":{"confidence_level":0.95,"lower_bound":12.54017743567999,"upper_bound":12.67831040485319},"point_estimate":12.59531757227427,"standard_error":0.03636203550461165},"Median":{"confidence_interval":{"confidence_level":0.95,"lower_bound":12.493389482858387,"upper_bound":12.515674423192408},"point_estimate":12.502297156681866,"standard_error":0.00618292298476732},"MedianAbsDev":{"confidence_interval":{"confidence_level":0.95,"lower_bound":0.0369331651299623,"upper_bound":0.07702339303899432},"point_estimate":0.05164136962194946,"standard_error":0.011472906984610547},"Slope":{"confidence_interval":{"confidence_level":0.95,"lower_bound":12.53175353187673,"upper_bound":12.734514192446673},"point_estimate":12.608006537308336,"standard_error":0.05410465962879386},"StdDev":{"confidence_interval":{"confidence_level":0.95,"lower_bound":0.11919152785436062,"upper_bound":0.5922121170322744},"point_estimate":0.36496311685688954,"standard_error":0.1528480670528708}}