{"Mean":{"confidence_interval":{"confidence_level":0.95,"lower_bound":13.72909226445639,"upper_bound":13.825729285262195},"point_estimate":13.772720291752416,"standard_error":0.024709945383020536},"Median":{"confidence_interval":{"confidence_level":0.95,"lower_bound":13.668081247059407,"upper_bound":13.736518901109505},"point_estimate":13.691430593731685,"standard_error":0.013897856590745071},"MedianAbsDev":{"confidence_interval":{"confidence_level":0.95,"lower_bound":0.06835930701679288,"upper_bound":0.1333258191033526},"point_estimate":0.09401690424519564,"standard_error":0.015276525948362315},"Slope":{"confidence_interval":{"confidence_level":0.95,"lower_bound":13.730733088475498,"upper_bound":13.846399610246294},"point_estimate":13.78199957422604,"standard_error":0.02968516174075994},"StdDev":{"confidence_interval":{"confidence_level":0.95,"lower_bound":0.14337798760550127,"upper_bound":0.3562630803825239},"point_estimate":0.2484597389942676,"standard_error":0.05917898686047872}}